knownForProfession,content,people,credits,in_wikidata,minKnownForYear,maxKnownForYear,anyAdult,anyTV,anyGame,anyShort,anyFilm,anyVideo,decade_1870,decade_1880,decade_1890,decade_1900,decade_1910,decade_1920,decade_1930,decade_1940,decade_1950,decade_1960,decade_1970,decade_1980,decade_1990,decade_2000,decade_2010,decade_2020,decade_2030,decade_NA
accountant,1,12,12,0,2018,2024,0,0,1,2,3,0,NA,NA,NA,NA,NA,NA,NA,NA,NA,NA,NA,NA,NA,NA,1,4,NA,7
accountant,2,3,6,0,1991,2007,0,0,0,1,5,0,NA,NA,NA,NA,NA,NA,NA,NA,NA,NA,NA,NA,1,1,NA,NA,NA,4
accountant,3,1,3,0,2021,2023,0,0,0,1,2,0,NA,NA,NA,NA,NA,NA,NA,NA,NA,NA,NA,NA,NA,NA,NA,2,NA,1
accountant,4,35,140,1,1983,2025,0,44,0,2,92,2,NA,NA,NA,NA,NA,NA,NA,NA,NA,NA,NA,3,5,11,56,52,NA,13
accountant,Summary,51,161,1,1983,2025,0,44,1,6,102,2,NA,NA,NA,NA,NA,NA,NA,NA,NA,NA,NA,3,6,12,57,58,NA,25
actor,1,1961981,1961981,9501,1891,2030,38870,402081,12670,527579,820089,98926,NA,NA,74,392,6189,9283,9586,8261,20781,34849,59979,97753,136366,298534,739511,381631,8,158784
actor,2,411325,822650,7787,1894,2030,16096,228886,7356,221595,318405,46407,NA,NA,26,210,3007,4010,4629,4069,10825,17323,26218,41168,60974,137695,319736,165913,3,26844
actor,3,192027,576081,7665,1890,2030,10730,176457,5736,148670,214165,31051,NA,NA,31,126,2215,2917,3506,3233,8317,13296,18327,29343,43069,95197,219899,117168,1,19436
actor,4,683726,2734904,167601,1894,2029,47955,835197,27791,411151,1376378,84374,NA,NA,54,553,15321,19120,25965,24571,58696,93319,119601,163522,236899,455718,948391,487306,NA,85868
actor,Summary,3249059,6095616,192370,1890,2030,113651,1642621,53553,1308995,2729037,260758,NA,NA,185,1281,26732,35330,43686,40134,98619,158787,224125,331786,477308,987144,2227537,1152018,12,290932
actress,1,1171934,1171934,6773,1894,2030,41191,256844,6085,301374,484776,68973,NA,NA,35,212,4503,5649,5828,5055,11990,20687,34528,57794,84543,195169,427218,228759,4,89960
actress,2,254189,508378,5964,1894,2030,21197,151924,3362,132012,187351,33727,NA,NA,44,112,2409,2738,3023,3051,6827,10673,15171,24764,37973,88872,191845,103413,3,17460
actress,3,121700,365100,6201,1894,2027,15962,121641,2589,90858,127020,22991,NA,NA,8,88,1672,1888,2458,2311,5666,8136,10945,17193,26314,62340,137661,75164,NA,13256
actress,4,415947,1663788,110067,1895,2031,87236,570351,13505,245420,760998,73507,NA,NA,23,303,10660,10696,14485,14405,33868,50580,65250,89225,135755,287244,587437,309256,1,54600
actress,Summary,1963770,3709200,128868,1894,2031,165586,1100760,25541,769664,1560145,199198,NA,NA,110,715,19244,20971,25794,24822,58351,90076,125894,188976,284585,633625,1344161,716592,8,175276
animation_department,1,95166,95166,200,1913,2026,1083,35232,5379,21255,25149,6296,NA,NA,NA,NA,11,25,61,245,294,702,1582,5434,11248,16302,32613,23316,NA,3333
animation_department,2,34271,68542,220,1913,2026,504,25950,5359,13986,18932,4315,NA,NA,NA,NA,15,21,46,117,214,418,1021,3848,7538,12882,25308,16319,NA,795
animation_department,3,19263,57789,223,1909,2026,373,22040,5060,10618,16351,3720,NA,NA,NA,1,14,4,45,99,205,404,886,3331,6274,11293,21436,13261,NA,536
animation_department,4,80521,322084,5786,1878,2031,1417,104730,21728,33335,153461,8829,3,NA,2,5,125,211,458,803,1198,2740,5901,19878,37404,66775,124820,59594,1,2166
animation_department,Summary,229221,543581,6420,1878,2031,3377,187952,37526,79194,213893,23160,3,NA,2,6,165,261,610,1264,1911,4264,9390,32491,62464,107252,204177,112490,1,6830
archive_footage,1,83294,83294,2229,1888,2025,2196,22989,58,1811,5289,2125,NA,2,21,26,97,158,380,334,955,5028,1800,3131,3231,6787,7322,2844,NA,51178
archive_footage,2,14995,29990,1476,1878,2026,2616,19967,96,1895,5421,2611,1,3,21,25,123,159,296,427,975,2146,1840,2822,3590,6643,7684,3064,NA,171
archive_footage,3,10369,31107,1517,1894,2027,3109,20606,139,1708,5787,2867,NA,NA,19,25,129,166,339,385,1075,1958,1987,2871,3739,6879,8026,3330,NA,179
archive_footage,4,95711,382844,49748,1894,2027,49334,201621,1682,10251,139559,29729,NA,NA,95,239,1929,3833,7441,7872,17303,25326,29503,36811,51017,83009,84176,31429,NA,2861
archive_footage,Summary,204369,527235,54960,1878,2027,57255,265183,1975,15665,156056,37332,1,5,156,315,2278,4316,8456,9018,20308,34458,35130,45635,61577,103318,107208,40667,NA,54389
archive_sound,1,1447,1447,43,1902,2024,1,287,166,21,78,17,NA,NA,NA,1,2,2,2,6,32,23,19,50,41,177,153,58,NA,881
archive_sound,2,335,670,29,1926,2024,0,421,116,36,84,13,NA,NA,NA,NA,NA,1,2,10,39,41,44,46,43,171,197,74,NA,2
archive_sound,3,283,849,42,1911,2024,0,522,88,51,158,30,NA,NA,NA,NA,2,NA,13,21,46,41,48,49,88,179,279,77,NA,6
archive_sound,4,3196,12784,1709,1899,2025,12,6959,1325,399,3950,151,NA,NA,2,2,30,28,141,208,638,890,941,1108,1745,2733,2979,1219,NA,120
archive_sound,Summary,5261,15750,1823,1899,2025,13,8189,1695,507,4270,211,NA,NA,2,3,34,31,158,245,755,995,1052,1253,1917,3260,3608,1428,NA,1009
art_department,1,221938,221938,258,1908,2027,1504,53279,14959,44059,96045,7280,NA,NA,NA,3,40,124,166,324,1056,1763,3594,10799,23198,40241,78097,50330,NA,12203
art_department,2,70586,141172,295,1912,2026,772,38440,10821,30312,56651,4948,NA,NA,NA,NA,15,67,146,214,718,1114,2454,6971,15055,27257,52287,31191,NA,3683
art_department,3,38091,114273,309,1908,2027,545,33082,8566,24337,44500,3788,NA,NA,NA,3,22,45,103,164,574,945,2040,5644,12181,22464,42095,25140,NA,2853
art_department,4,166472,665888,8135,1898,2031,2435,165632,27406,71075,391949,9825,NA,NA,1,12,133,593,977,1644,4048,7156,13904,32293,69281,134173,250024,138457,1,13191
art_department,Summary,497087,1143271,8994,1898,2031,5256,290433,61752,169783,589145,25841,NA,NA,1,18,210,829,1392,2346,6396,10978,21992,55707,119715,224135,422503,245118,1,31930
art_director,1,33066,33066,94,1903,2026,331,4385,625,14792,10333,1474,NA,NA,NA,1,37,134,146,136,265,461,633,1147,1927,4867,13528,7151,NA,2633
art_director,2,13645,27290,100,1910,2025,188,4629,733,11480,9410,1038,NA,NA,NA,NA,25,113,101,107,262,374,577,997,1772,4539,11312,6127,NA,984
art_director,3,8119,24357,96,1900,2027,144,4706,746,9448,8507,950,NA,NA,NA,10,30,69,94,103,189,316,472,950,1774,4027,9865,5616,NA,842
art_director,4,43104,172416,3659,1899,2027,822,36393,3235,26769,103588,2431,NA,NA,1,10,232,876,1115,1348,2516,3625,5016,8573,14482,29223,64824,36290,NA,4285
art_director,Summary,97934,257129,3948,1899,2027,1485,50113,5339,62489,131838,5893,NA,NA,1,21,324,1192,1456,1694,3232,4776,6698,11667,19955,42656,99529,55184,NA,8744
assistant,1,2588,2588,2,1937,2025,4,207,4,196,315,26,NA,NA,NA,NA,NA,NA,1,NA,5,4,3,10,21,99,256,243,NA,1946
assistant,2,370,740,1,1929,2025,2,213,3,195,305,24,NA,NA,NA,NA,NA,1,NA,1,NA,2,2,8,31,93,283,240,NA,79
assistant,3,212,636,1,1957,2025,3,205,2,185,214,30,NA,NA,NA,NA,NA,NA,NA,NA,3,3,1,7,12,90,249,198,NA,73
assistant,4,671,2684,20,1950,2025,12,741,18,325,1552,48,NA,NA,NA,NA,NA,NA,NA,NA,6,6,13,20,80,294,999,987,NA,279
assistant,Summary,3841,6648,24,1929,2025,21,1366,27,901,2386,128,NA,NA,NA,NA,NA,1,1,1,14,15,19,45,144,576,1787,1668,NA,2377
assistant_director,1,86637,86637,126,1892,2026,584,15202,199,32234,33344,2733,NA,NA,2,NA,49,186,357,443,882,1582,2686,4033,5965,11487,32676,19766,NA,6523
assistant_director,2,38586,77172,302,1913,2030,340,15549,262,30652,28348,2361,NA,NA,NA,NA,41,170,268,359,776,1259,2368,3649,4991,10759,30436,18703,2,3391
assistant_director,3,24124,72372,386,1894,2027,268,15585,319,27620,26679,2169,NA,NA,2,1,52,113,260,293,678,1181,2176,3311,4654,10327,28376,17759,NA,3189
assistant_director,4,121570,486280,12745,1898,2029,1835,111623,1669,103871,263064,6053,NA,NA,1,22,580,1329,2272,2620,6253,11033,17751,24786,35107,72037,184625,110305,NA,17559
assistant_director,Summary,270917,722461,13556,1892,2030,3027,157959,2449,194377,351435,13316,NA,NA,5,23,722,1798,3157,3715,8589,15055,24981,35779,50717,104610,276113,166533,2,30662
camera_department,1,358548,358548,304,1906,2027,6654,86154,474,115777,122565,20593,NA,NA,NA,2,34,154,346,540,2071,3628,8268,16694,25189,52890,143516,78859,NA,26357
camera_department,2,122382,244764,362,1898,2026,3323,64725,566,87390,79224,12856,NA,NA,1,3,33,102,199,372,1382,2546,5407,11094,16797,37884,102479,56960,NA,9505
camera_department,3,66359,199077,473,1908,2026,2018,54051,553,71491,63539,9441,NA,NA,NA,2,19,83,179,301,1117,2138,4591,8687,13330,30946,82706,46967,NA,8011
camera_department,4,281708,1126832,12477,1897,2031,11547,260891,2477,254332,582369,26759,NA,NA,7,31,257,1053,1763,2299,7612,14430,29406,50058,82220,181561,462665,254828,1,38641
camera_department,Summary,828997,1929221,13608,1897,2031,23542,465821,4070,528990,847697,69649,NA,NA,8,38,343,1392,2487,3512,12182,22742,47672,86533,137536,303281,791366,437614,1,82514
casting_department,1,19617,19617,31,1926,2026,109,5063,77,4000,9332,499,NA,NA,NA,NA,NA,2,4,6,39,51,126,655,1451,3485,7671,4740,NA,1387
casting_department,2,7355,14710,38,1913,2026,55,4579,95,3433,6169,434,NA,NA,NA,NA,1,2,1,4,25,43,112,528,1170,2611,5920,3669,NA,624
casting_department,3,4613,13839,30,1918,2026,64,4821,99,3076,5436,407,NA,NA,NA,NA,1,NA,7,2,18,34,105,377,1029,2514,5772,3452,NA,528
casting_department,4,27749,110996,1787,1917,2027,398,38033,748,11868,59115,1232,NA,NA,NA,NA,1,11,59,41,206,374,1058,3318,8003,20584,46494,27283,NA,3564
casting_department,Summary,59334,159162,1886,1913,2027,626,52496,1019,22377,80052,2572,NA,NA,NA,NA,3,15,71,53,288,502,1401,4878,11653,29194,65857,39144,NA,6103
casting_director,1,9745,9745,28,1915,2026,78,1800,63,3376,3654,468,NA,NA,NA,NA,2,2,12,10,37,48,119,287,606,1843,3596,2243,NA,940
casting_director,2,4172,8344,29,1912,2025,51,1914,60,2889,3096,385,NA,NA,NA,NA,3,6,7,14,39,41,115,250,557,1602,3166,2051,NA,493
casting_director,3,2710,8130,53,1916,2026,44,2002,68,2686,3053,321,NA,NA,NA,NA,2,4,16,6,27,31,98,198,487,1526,3347,1949,NA,439
casting_director,4,16673,66692,1584,1912,2027,366,19490,719,9401,36069,1013,NA,NA,NA,NA,10,35,82,64,275,465,1123,2811,5602,12981,25419,15121,NA,2704
casting_director,Summary,33300,92911,1693,1912,2027,539,25206,910,18352,45872,2187,NA,NA,NA,NA,17,47,117,94,378,585,1455,3546,7252,17952,35528,21364,NA,4576
choreographer,1,46,46,0,1985,2024,0,7,0,7,14,0,NA,NA,NA,NA,NA,NA,NA,NA,NA,NA,NA,1,NA,1,3,19,NA,22
choreographer,2,18,36,0,2001,2024,2,13,0,8,13,2,NA,NA,NA,NA,NA,NA,NA,NA,NA,NA,NA,NA,NA,6,6,19,NA,5
choreographer,3,31,93,3,1993,2024,0,31,0,27,33,2,NA,NA,NA,NA,NA,NA,NA,NA,NA,NA,NA,NA,1,7,23,49,NA,13
choreographer,4,191,764,42,1971,2025,0,321,3,94,345,1,NA,NA,NA,NA,NA,NA,NA,NA,NA,NA,4,7,34,88,299,300,NA,32
choreographer,Summary,286,939,45,1971,2025,2,372,3,136,405,5,NA,NA,NA,NA,NA,NA,NA,NA,NA,NA,4,8,35,102,331,387,NA,72
cinematographer,1,152962,152962,746,1882,2027,1297,23318,282,73567,36163,9596,NA,3,18,54,209,598,537,489,907,1531,2345,3007,5152,18892,64038,39795,NA,15387
cinematographer,2,59506,119012,787,1874,2026,666,22065,274,58519,31464,6690,1,NA,24,48,177,410,389,343,779,1362,1915,2831,4674,16199,53891,31281,NA,4688
cinematographer,3,34696,104088,831,1896,2027,571,20984,241,49198,28187,5478,NA,NA,16,52,171,357,338,325,657,1230,1763,2649,4346,14403,46529,26902,NA,4350
cinematographer,4,158689,634756,16215,1885,2029,4655,126711,1198,197846,291856,17142,NA,12,201,401,1813,3453,3205,2837,6548,11330,17211,23121,34145,91017,268495,146276,NA,24691
cinematographer,Summary,405853,1010818,18562,1874,2029,7189,193078,1995,379130,387670,38906,1,15,259,555,2370,4818,4469,3994,8891,15453,23234,31608,48317,140511,432953,244254,NA,49116
composer,1,178131,178131,3695,1901,2026,1189,17972,2597,79564,44494,9645,NA,NA,NA,17,86,155,581,437,915,1493,2532,3896,7161,26030,68699,37861,NA,28268
composer,2,49850,99700,2596,1898,2030,637,16728,1880,43842,31275,5974,NA,NA,2,5,48,93,402,364,676,1131,1771,3059,5395,17144,43595,23131,1,2883
composer,3,25791,77373,2199,1905,2027,443,15331,1730,30693,25313,4306,NA,NA,NA,2,39,79,322,288,628,1066,1540,2633,4537,13538,33162,17406,NA,2133
composer,4,99897,399588,30429,1892,2029,2072,79605,10230,79799,219560,10394,NA,NA,5,23,177,610,2756,2733,5575,8308,11215,19221,33044,74405,156302,75708,NA,9506
composer,Summary,353669,754792,38889,1892,2030,4341,129636,16437,233898,320642,30319,NA,NA,7,47,350,937,4061,3822,7794,11998,17058,28809,50137,131117,301758,154106,1,42790
costume_department,1,75965,75965,58,1899,2026,632,17541,101,18901,33193,2679,NA,NA,2,2,3,14,67,130,628,718,1633,3561,5365,11011,28806,17597,NA,6428
costume_department,2,23527,47054,61,1910,2026,278,12751,76,12773,19739,1715,NA,NA,NA,NA,3,11,57,94,392,435,1063,2348,3512,7296,18642,11406,NA,1795
costume_department,3,12842,38526,78,1913,2026,194,11186,84,9854,16202,1200,NA,NA,NA,NA,2,6,43,92,333,429,957,1925,2801,5887,14908,9729,NA,1414
costume_department,4,53041,212164,2267,1899,2031,1242,51777,255,24026,133004,3102,NA,NA,1,3,29,105,518,508,1781,3033,5761,10202,16666,33638,81505,52808,1,5605
costume_department,Summary,165375,373709,2463,1899,2031,2346,93255,516,65554,202138,8696,NA,NA,3,5,37,136,685,824,3134,4615,9414,18036,28344,57832,143861,91540,1,15242
costume_designer,1,30655,30655,91,1908,2026,149,4263,40,12543,11556,1117,NA,NA,NA,2,35,70,119,203,400,537,980,1397,1949,5024,11234,6289,NA,2416
costume_designer,2,11299,22598,121,1899,2026,93,4550,41,8409,8833,765,NA,NA,1,3,15,41,89,144,313,407,801,1204,1694,3859,8339,4834,NA,854
costume_designer,3,6414,19242,108,1913,2025,66,4475,32,6396,7737,602,NA,NA,NA,NA,8,29,85,137,241,403,640,1079,1463,3235,6949,4236,NA,737
costume_designer,4,31124,124496,2767,1896,2027,381,28510,149,15242,79206,1389,NA,NA,5,5,57,265,614,841,2042,3424,5658,8344,10849,20701,42847,25803,NA,3041
costume_designer,Summary,79492,196991,3085,1896,2027,689,41798,262,42590,107332,3873,NA,NA,6,10,115,405,907,1325,2996,4771,8079,12024,15955,32819,69369,41162,NA,7048
director,1,236051,236051,4637,1882,2028,2896,40925,3502,101646,49352,16859,NA,2,28,79,370,752,727,621,1404,2335,3535,5363,9596,29034,98962,51285,NA,31958
director,2,100862,201724,4513,1874,2030,1851,42888,2875,91343,52407,12211,1,NA,32,50,370,634,648,526,1452,2254,3389,5419,9812,29609,89196,49835,1,8496
director,3,67932,203796,4946,1895,2027,1564,46516,2826,88742,54877,10835,NA,NA,39,79,342,565,555,575,1389,2404,3495,5422,10086,30352,88863,50350,NA,9280
director,4,357964,1431856,93203,1878,2029,15751,343005,14658,453103,573732,47349,3,12,222,633,5686,7519,7992,7255,16548,28748,39165,55878,89246,226011,585792,299470,NA,61676
director,Summary,762809,2073427,107261,1874,2030,22062,473334,23861,734834,730368,87254,4,14,321,841,6768,9470,9922,8977,20793,35741,49584,72082,118740,315006,862813,450940,1,111410
editor,1,140697,140697,598,1892,2026,1777,29358,832,62301,28109,9438,NA,NA,2,4,32,103,221,285,637,1369,2274,3446,6067,19703,57709,34315,NA,14530
editor,2,54269,108538,663,1874,2026,958,26093,528,49439,25759,6719,1,NA,5,5,15,101,168,221,555,1228,1995,3092,5301,16672,48127,27626,NA,3426
editor,3,32310,96930,710,1896,2027,732,24113,455,42731,24136,5495,NA,NA,6,7,22,68,139,183,530,1109,1903,2815,4706,14856,42681,24493,NA,3412
editor,4,147202,588808,15641,1896,2027,5121,145381,1835,185781,235985,19825,NA,NA,8,49,203,837,1862,1975,4786,8381,14562,21912,33148,93962,255355,132938,NA,18830
editor,Summary,374478,934973,17606,1874,2027,8588,224945,3650,340252,313989,41477,1,NA,21,65,272,1109,2390,2664,6508,12087,20734,31265,49222,145193,403872,219372,NA,40198
editorial_department,1,56705,56705,47,1915,2026,417,19467,291,11364,21636,2214,NA,NA,NA,NA,5,20,32,89,311,815,1729,3696,5347,8804,20009,12989,NA,2859
editorial_department,2,24770,49540,90,1912,2027,304,18322,276,11485,17505,1952,NA,NA,NA,NA,5,18,20,71,345,653,1586,3270,4485,8201,18167,11616,NA,1103
editorial_department,3,15551,46653,95,1922,2025,202,17856,337,10766,16027,1667,NA,NA,NA,NA,NA,8,17,60,321,620,1332,2937,4364,7873,17041,11062,NA,1018
editorial_department,4,101097,404388,5572,1911,2027,1558,135289,2030,54199,206712,6158,NA,NA,NA,NA,23,176,440,662,2422,4721,10124,20006,32713,72400,159393,93955,NA,7353
editorial_department,Summary,198123,557286,5804,1911,2027,2481,190934,2934,87814,261880,11991,NA,NA,NA,NA,33,222,509,882,3399,6809,14771,29909,46909,97278,214610,129622,NA,12333
electrical_department,1,10,10,0,2017,2023,0,1,0,0,3,0,NA,NA,NA,NA,NA,NA,NA,NA,NA,NA,NA,NA,NA,NA,1,3,NA,6
electrical_department,2,10,20,0,2008,2025,0,5,0,3,12,0,NA,NA,NA,NA,NA,NA,NA,NA,NA,NA,NA,NA,NA,1,5,7,NA,7
electrical_department,3,3,9,0,2012,2024,0,4,0,4,1,0,NA,NA,NA,NA,NA,NA,NA,NA,NA,NA,NA,NA,NA,NA,3,5,NA,1
electrical_department,4,34,136,2,1997,2025,0,52,0,12,72,0,NA,NA,NA,NA,NA,NA,NA,NA,NA,NA,NA,NA,5,4,34,83,NA,10
electrical_department,Summary,57,175,2,1997,2025,0,62,0,19,88,0,NA,NA,NA,NA,NA,NA,NA,NA,NA,NA,NA,NA,5,5,43,98,NA,24
executive,1,23033,23033,107,1911,2026,18,2061,93,861,2375,225,NA,NA,NA,NA,4,1,3,6,25,34,65,215,413,1100,1805,1329,NA,18033
executive,2,2970,5940,66,1914,2025,15,2080,67,990,2577,226,NA,NA,NA,NA,4,1,3,3,11,24,47,190,391,1163,2006,1422,NA,675
executive,3,2084,6252,93,1911,2026,15,2234,72,887,2821,238,NA,NA,NA,NA,2,2,4,5,20,33,62,152,373,1189,2136,1495,NA,779
executive,4,12375,49500,1897,1901,2026,78,16156,399,3313,28867,765,NA,NA,NA,2,14,26,14,8,111,213,480,1223,3208,9426,18811,11524,NA,4440
executive,Summary,40462,84725,2163,1901,2026,126,22531,631,6051,36640,1454,NA,NA,NA,2,24,30,24,22,167,304,654,1780,4385,12878,24758,15770,NA,23927
legal,1,2980,2980,8,1947,2026,5,178,4,98,342,33,NA,NA,NA,NA,NA,NA,NA,1,4,4,10,26,52,112,248,147,NA,2376
legal,2,319,638,4,1924,2025,0,199,0,64,348,27,NA,NA,NA,NA,NA,1,NA,NA,2,3,8,26,43,119,257,135,NA,44
legal,3,208,624,2,1924,2025,0,191,2,58,361,12,NA,NA,NA,NA,NA,2,1,1,NA,5,11,22,38,107,224,148,NA,65
legal,4,1125,4500,64,1926,2026,9,1005,7,169,3247,72,NA,NA,NA,NA,NA,6,1,2,11,10,26,75,269,772,1960,1066,NA,302
legal,Summary,4632,8742,78,1924,2026,14,1573,13,389,4298,144,NA,NA,NA,NA,NA,9,2,4,17,22,55,149,402,1110,2689,1496,NA,2787
location_management,1,35824,35824,18,1915,2026,245,8282,45,9473,15674,1217,NA,NA,NA,NA,2,5,11,15,60,210,382,1190,2438,5357,13544,10028,NA,2582
location_management,2,11405,22810,25,1913,2026,108,6475,45,5709,9777,804,NA,NA,NA,NA,2,2,5,29,50,111,286,922,1850,3844,8586,6248,NA,875
location_management,3,6543,19629,35,1925,2026,62,5981,39,4698,8307,604,NA,NA,NA,NA,NA,2,9,34,48,91,265,781,1592,3559,7155,5369,NA,724
location_management,4,34819,139276,954,1914,2026,323,34091,195,13763,89754,1473,NA,NA,NA,NA,21,61,170,231,520,809,2465,5491,11308,25821,53734,34990,NA,3655
location_management,Summary,88591,217539,1032,1913,2026,738,54829,324,33643,123512,4098,NA,NA,NA,NA,25,70,195,309,678,1221,3398,8384,17188,38581,83019,56635,NA,7836
make_up_department,1,127360,127360,53,1908,2026,1894,23169,94,46274,45723,5924,NA,NA,NA,2,2,21,89,235,614,1017,2074,4200,6790,18591,55140,27093,NA,11492
make_up_department,2,34021,68042,68,1909,2027,939,14640,78,25327,24737,3260,NA,NA,NA,2,5,10,46,126,394,608,1152,2397,3824,10650,30578,15477,NA,2773
make_up_department,3,16658,49974,54,1910,2026,606,11769,93,17336,18534,2242,NA,NA,NA,NA,3,15,40,130,362,494,950,1838,2904,8001,21743,11354,NA,2140
make_up_department,4,58469,233876,1997,1911,2027,2784,49734,361,39713,138735,5332,NA,NA,NA,NA,45,122,337,710,2619,4067,6702,10758,16565,36911,93152,53990,NA,7898
make_up_department,Summary,236508,479252,2166,1908,2027,6223,99312,626,128650,227729,16758,NA,NA,NA,4,55,168,512,1201,3989,6186,10878,19193,30083,74153,200613,107914,NA,24303
manager,1,9355,9355,29,1924,2025,12,739,21,437,1025,109,NA,NA,NA,NA,NA,2,2,3,7,21,25,77,142,397,893,515,NA,7271
manager,2,1175,2350,14,1929,2026,3,762,10,424,1046,108,NA,NA,NA,NA,NA,1,2,NA,5,12,19,57,129,394,919,535,NA,277
manager,3,813,2439,18,1950,2025,16,869,8,409,1043,110,NA,NA,NA,NA,NA,NA,NA,NA,5,12,23,48,127,430,927,585,NA,282
manager,4,3604,14416,339,1915,2026,40,4241,97,1392,8432,254,NA,NA,NA,NA,5,6,18,16,35,76,146,365,1003,2480,5386,3254,NA,1626
manager,Summary,14947,28560,400,1915,2026,71,6611,136,2662,11546,581,NA,NA,NA,NA,5,9,22,19,52,121,213,547,1401,3701,8125,4889,NA,9456
miscellaneous,1,713316,713316,961,1882,2027,4654,215681,52379,122977,276803,27165,NA,5,7,12,115,380,731,1309,4550,6843,15537,41916,70941,135411,256134,144846,NA,34579
miscellaneous,2,204720,409440,1163,1899,2027,2604,140726,30011,76582,145627,16494,NA,NA,1,2,68,208,491,668,2568,4157,9415,23683,42223,84154,151632,80703,NA,9467
miscellaneous,3,105638,316914,1410,1897,2027,1862,114201,22585,56385,111644,12098,NA,NA,1,4,89,205,371,587,2033,3510,7315,17120,32238,65803,117618,62370,NA,7650
miscellaneous,4,436141,1744564,37702,1896,2031,9254,569238,72416,181070,888258,33580,NA,NA,7,30,728,1898,3891,5033,13706,24411,44091,84426,162200,353264,669564,342107,3,39205
miscellaneous,Summary,1459815,3184234,41231,1882,2031,18374,1039846,177391,437014,1422332,89337,NA,5,16,48,1000,2691,5484,7597,22857,38921,76358,167145,307602,638632,1194948,630026,3,90901
music_artist,1,1475,1475,101,1951,2025,1,225,6,72,191,33,NA,NA,NA,NA,NA,NA,NA,NA,3,2,10,10,18,51,136,245,NA,1000
music_artist,2,352,704,57,1950,2025,0,303,9,132,235,25,NA,NA,NA,NA,NA,NA,NA,NA,5,NA,13,18,27,57,221,296,NA,67
music_artist,3,288,864,78,1951,2026,5,383,10,140,300,31,NA,NA,NA,NA,NA,NA,NA,NA,6,4,13,13,33,82,280,366,NA,67
music_artist,4,3019,12076,1969,1936,2026,10,3584,125,571,7610,186,NA,NA,NA,NA,NA,NA,2,14,76,119,225,502,1126,2459,4683,2588,NA,282
music_artist,Summary,5134,15119,2205,1936,2026,16,4495,150,915,8336,275,NA,NA,NA,NA,NA,NA,2,14,90,125,261,543,1204,2649,5320,3495,NA,1416
music_department,1,137796,137796,1373,1892,2027,943,27812,2741,26213,60888,6284,NA,NA,1,8,63,178,535,541,1872,1991,3721,6314,9410,20471,47368,28723,NA,16600
music_department,2,37399,74798,1368,1903,2027,467,20545,1604,14944,33409,4296,NA,NA,NA,4,45,117,292,325,1097,1480,2263,3837,6009,13404,28467,16045,NA,1413
music_department,3,20004,60012,1463,1901,2026,320,17324,1404,11481,26353,3450,NA,NA,NA,5,26,82,293,306,964,1400,1828,3165,4999,11178,22496,12140,NA,1130
music_department,4,95288,381152,29629,1899,2027,1621,90072,9183,36148,236772,8977,NA,NA,1,23,263,702,3090,3518,7712,11236,14247,22635,37187,73329,135001,66071,NA,6137
music_department,Summary,290487,653758,33822,1892,2027,3351,155753,14932,88786,357422,23007,NA,NA,2,40,397,1079,4210,4690,11645,16107,22059,35951,57605,118382,233332,122979,NA,25280
podcaster,1,324,324,8,1968,2025,0,64,0,20,29,5,NA,NA,NA,NA,NA,NA,NA,NA,NA,1,NA,1,3,13,39,47,NA,220
podcaster,2,88,176,12,1952,2025,1,83,2,25,61,5,NA,NA,NA,NA,NA,NA,NA,NA,2,1,3,4,2,17,52,81,NA,14
podcaster,3,56,168,6,1975,2026,1,71,1,41,50,5,NA,NA,NA,NA,NA,NA,NA,NA,NA,NA,1,2,6,13,54,80,NA,12
podcaster,4,198,792,48,1952,2025,4,423,9,77,268,15,NA,NA,NA,NA,NA,NA,NA,NA,8,4,4,11,58,105,287,269,NA,46
podcaster,Summary,666,1460,74,1952,2026,6,641,12,163,408,30,NA,NA,NA,NA,NA,NA,NA,NA,10,6,8,18,69,148,432,477,NA,292
producer,1,507785,507785,2170,1882,2028,2021,101084,6282,171066,179652,22377,NA,2,6,31,180,393,650,751,2282,3727,6657,11579,20233,64207,215665,114771,NA,66651
producer,2,165606,331212,2466,1878,2030,1240,88506,5388,109476,111836,16005,1,1,10,26,128,268,474,573,1909,2915,5346,9644,17179,52191,141398,76570,2,22577
producer,3,95761,287283,3274,1896,2030,929,83914,4849,91110,94500,12908,NA,NA,5,25,151,220,391,537,1698,2781,4686,8495,15915,47232,121461,65911,1,17774
producer,4,477229,1908916,82728,1878,2029,8852,587652,22125,402429,849994,46709,3,12,106,241,1789,2882,4753,5619,14937,24390,38940,66358,124443,327706,793390,401641,NA,101706
producer,Summary,1246381,3035196,90619,1878,2030,13042,861156,38644,774081,1235982,97999,4,15,127,323,2248,3763,6268,7480,20826,33813,55629,96076,177770,491336,1271914,658893,3,208708
production_department,1,86,86,0,1983,2024,1,18,0,9,23,3,NA,NA,NA,NA,NA,NA,NA,NA,NA,NA,NA,1,3,2,13,25,NA,42
production_department,2,41,82,0,1975,2025,0,29,0,19,33,1,NA,NA,NA,NA,NA,NA,NA,NA,NA,NA,1,NA,2,5,17,45,NA,12
production_department,3,54,162,2,1985,2025,0,62,0,25,73,2,NA,NA,NA,NA,NA,NA,NA,NA,NA,NA,NA,2,6,9,49,76,NA,20
production_department,4,268,1072,7,1944,2025,0,358,7,90,605,12,NA,NA,NA,NA,NA,NA,NA,1,NA,NA,3,5,24,52,287,617,NA,83
production_department,Summary,449,1402,9,1944,2025,1,467,7,143,734,18,NA,NA,NA,NA,NA,NA,NA,1,NA,NA,4,8,35,68,366,763,NA,157
production_designer,1,27912,27912,86,1905,2026,137,3878,216,14138,7912,964,NA,NA,NA,3,21,67,90,127,372,403,608,982,1641,4145,11239,6172,NA,2042
production_designer,2,11672,23344,80,1899,2026,104,4065,179,11381,7020,699,NA,NA,1,6,24,58,74,96,233,355,529,879,1442,3430,9680,5457,NA,1080
production_designer,3,6966,20898,104,1912,2026,74,4276,135,9511,6389,587,NA,NA,NA,NA,12,24,66,79,225,345,507,834,1348,3133,8471,4932,NA,922
production_designer,4,38154,152616,3784,1899,2029,346,33000,531,28312,89282,1491,NA,NA,1,14,134,438,777,1023,2549,4380,5968,8703,12270,23791,55273,32379,NA,4916
production_designer,Summary,84704,224770,4053,1899,2029,661,45219,1061,63342,110603,3741,NA,NA,2,23,191,587,1007,1325,3379,5483,7612,11398,16701,34499,84663,48940,NA,8960
production_manager,1,66381,66381,84,1900,2026,927,18295,596,16148,26344,2768,NA,NA,NA,3,9,110,282,400,1198,1509,2540,4007,5355,10393,22695,14001,NA,3879
production_manager,2,29032,58064,129,1907,2026,563,18904,604,13977,22412,2167,NA,NA,NA,1,9,73,219,368,935,1256,2291,3621,5020,10134,20415,12375,NA,1347
production_manager,3,18177,54531,187,1913,2026,385,19077,529,11773,21200,1951,NA,NA,NA,NA,11,78,233,347,864,1219,2271,3600,5009,9442,18698,11533,NA,1226
production_manager,4,105027,420108,6417,1903,2029,3048,135631,2521,41642,233550,6764,NA,NA,NA,3,155,692,2148,2592,6141,10214,17734,25619,37374,76656,149168,83710,NA,7902
production_manager,Summary,218617,599084,6816,1900,2029,4923,191907,4250,83540,303506,13650,NA,NA,NA,7,184,953,2882,3707,9138,14198,24836,36847,52758,106625,210976,121619,NA,14354
publicist,1,3216,3216,10,1936,2025,2,243,8,130,271,28,NA,NA,NA,NA,NA,NA,1,NA,1,1,11,9,52,120,265,180,NA,2576
publicist,2,314,628,3,1952,2025,9,237,7,87,257,40,NA,NA,NA,NA,NA,NA,NA,NA,2,2,9,14,51,125,232,157,NA,36
publicist,3,177,531,6,1941,2025,1,219,1,72,217,22,NA,NA,NA,NA,NA,NA,NA,1,4,NA,4,13,51,107,211,121,NA,19
publicist,4,786,3144,89,1925,2025,25,893,28,211,1929,83,NA,NA,NA,NA,NA,4,4,3,8,16,26,100,232,567,1328,668,NA,188
publicist,Summary,4493,7519,108,1925,2025,37,1592,44,500,2674,173,NA,NA,NA,NA,NA,4,5,4,15,19,50,136,386,919,2036,1126,NA,2819
script_department,1,32952,32952,49,1913,2026,332,5532,124,14153,11411,1023,NA,NA,NA,NA,1,16,58,140,364,754,1444,1615,2112,3895,11691,8354,NA,2508
script_department,2,14097,28194,89,1920,2025,197,6022,150,11939,9227,855,NA,NA,NA,NA,NA,26,47,103,293,598,1056,1513,1990,3652,10323,7067,NA,1526
script_department,3,8222,24666,119,1919,2027,84,6221,125,9741,7971,608,NA,NA,NA,NA,1,8,21,127,295,499,868,1284,1814,3276,8878,6296,NA,1299
script_department,4,36963,147852,4177,1914,2026,586,47324,669,28831,69306,1722,NA,NA,NA,NA,66,334,512,674,2090,4211,6651,9592,12849,21894,51323,32108,NA,5548
script_department,Summary,92234,233664,4432,1913,2027,1199,65099,1068,64664,97915,4208,NA,NA,NA,NA,68,384,638,1044,3042,6062,10019,14004,18765,32717,82215,53825,NA,10881
set_decorator,1,24580,24580,28,1899,2026,161,4345,24,11038,7609,907,NA,NA,2,6,12,35,70,119,221,321,515,840,1339,3357,10424,5511,NA,1808
set_decorator,2,8425,16850,25,1898,2026,98,3682,40,6851,5724,553,NA,NA,1,1,8,34,52,76,193,245,418,700,1069,2362,6996,3950,NA,745
set_decorator,3,4392,13176,29,1902,2030,43,3185,28,4783,4761,419,NA,NA,NA,7,11,6,47,90,159,203,388,626,965,1861,5348,2937,1,527
set_decorator,4,21058,84232,1162,1899,2026,205,19908,144,10434,52817,929,NA,NA,1,5,52,152,377,804,1658,2410,3167,4918,7571,14317,29428,17285,NA,2087
set_decorator,Summary,58455,138838,1244,1898,2030,507,31120,236,33106,70911,2808,NA,NA,4,19,83,227,546,1089,2231,3179,4488,7084,10944,21897,52196,29683,1,5167
sound_department,1,178937,178937,317,1913,2026,2129,35511,3033,75390,51393,8951,NA,NA,NA,NA,2,30,426,447,1224,1832,3991,7272,11936,27593,76705,37032,NA,10447
sound_department,2,61355,122710,309,1913,2026,1027,27661,2545,52027,34598,5879,NA,NA,NA,NA,2,30,296,260,800,1272,2579,5095,8263,19633,53625,26885,NA,3970
sound_department,3,32163,96489,316,1911,2026,608,22951,2495,38977,27799,4265,NA,NA,NA,NA,5,29,198,211,594,1170,2090,4106,6636,15580,41379,21294,NA,3197
sound_department,4,133784,535136,8199,1903,2029,3085,119408,14737,117287,273408,10294,NA,NA,NA,2,46,213,1717,1716,4270,7854,15418,27030,44237,88758,213253,115839,NA,14783
sound_department,Summary,406239,933272,9137,1903,2029,6849,205531,22810,283681,387198,29389,NA,NA,NA,2,55,302,2637,2634,6888,12128,24078,43503,71072,151564,384962,201050,NA,32397
soundtrack,1,42227,42227,1609,1906,2025,119,11382,440,3234,12249,1176,NA,NA,NA,15,19,114,555,476,667,835,1066,1696,2647,6697,10196,3346,NA,13898
soundtrack,2,18942,37884,1796,1894,2025,132,15231,563,4052,16293,1745,NA,NA,1,10,29,149,606,595,979,1369,1632,2380,3811,9138,12995,3955,NA,235
soundtrack,3,12934,38802,2034,1897,2026,104,16412,590,3908,16037,1855,NA,NA,2,5,31,126,574,559,1084,1575,1745,2582,4073,9221,12895,4045,NA,285
soundtrack,4,78550,314200,41458,1897,2026,888,109721,4375,12956,181142,6006,NA,NA,3,46,481,1458,7776,8390,12424,16614,17463,24653,36406,67474,89760,29184,NA,2068
soundtrack,Summary,152653,433113,46885,1894,2026,1243,152746,5968,24150,225721,10782,NA,NA,6,76,560,1847,9511,10020,15154,20393,21906,31311,46937,92530,125846,40530,NA,16486
special_effects,1,24955,24955,32,1908,2026,187,3599,187,5901,13306,1297,NA,NA,NA,2,1,6,15,66,151,252,543,1606,2687,4598,9006,4597,NA,1425
special_effects,2,9064,18128,30,1911,2030,99,3190,213,4570,9250,905,NA,NA,NA,NA,2,6,14,38,112,205,335,1078,1809,3498,6920,3542,2,567
special_effects,3,5435,16305,43,1915,2026,62,3037,196,4088,8251,733,NA,NA,NA,NA,4,3,13,41,109,196,319,1018,1561,3246,6140,3168,NA,487
special_effects,4,30600,122400,1375,1907,2027,333,15302,998,12180,92166,1754,NA,NA,NA,1,37,136,219,407,815,1527,2480,6681,12433,25189,46642,23072,NA,2761
special_effects,Summary,70054,181788,1480,1907,2030,681,25128,1594,26739,122973,4689,NA,NA,NA,3,44,151,261,552,1187,2180,3677,10383,18490,36531,68708,34379,2,5240
stunts,1,39734,39734,79,1910,2026,123,6853,167,5164,24890,1574,NA,NA,NA,NA,8,36,41,49,86,137,595,2489,4415,7253,14015,8246,NA,2364
stunts,2,11104,22208,90,1915,2026,70,4896,149,3495,12733,935,NA,NA,NA,NA,2,17,25,24,108,129,394,1360,2341,4153,8237,4648,NA,770
stunts,3,6259,18777,116,1907,2026,42,4729,120,2860,10335,732,NA,NA,NA,3,16,31,29,25,101,120,365,1116,1783,3316,6882,4306,NA,684
stunts,4,35810,143240,4523,1909,2026,238,27863,953,10727,101715,1981,NA,NA,NA,1,68,227,260,303,682,1302,3025,7593,13526,24993,53830,32831,NA,4599
stunts,Summary,92907,223959,4807,1907,2026,473,44341,1389,22246,149673,5222,NA,NA,NA,4,94,311,355,401,977,1688,4379,12558,22065,39715,82964,50031,NA,8417
talent_agent,1,10467,10467,30,1920,2025,18,742,11,414,819,102,NA,NA,NA,NA,NA,2,2,5,8,17,47,112,205,410,742,430,NA,8487
talent_agent,2,826,1652,13,1952,2025,9,563,12,346,638,93,NA,NA,NA,NA,NA,NA,NA,NA,8,15,20,58,154,330,636,313,NA,118
talent_agent,3,533,1599,14,1923,2025,15,570,12,287,662,68,NA,NA,NA,NA,NA,5,1,NA,7,6,38,58,120,346,616,296,NA,106
talent_agent,4,2253,9012,333,1929,2025,59,2902,45,1075,4603,387,NA,NA,NA,NA,NA,1,3,6,31,77,173,371,857,1865,3542,1511,NA,575
talent_agent,Summary,14079,22730,390,1920,2025,101,4777,80,2122,6722,650,NA,NA,NA,NA,NA,8,6,11,54,115,278,599,1336,2951,5536,2550,NA,9286
transportation_department,1,61061,61061,13,1911,2026,192,12323,45,6964,38726,1818,NA,NA,NA,NA,1,1,5,2,45,64,345,2253,6017,11824,22947,15083,NA,2474
transportation_department,2,14708,29416,20,1912,2026,72,7492,60,3354,17574,936,NA,NA,NA,NA,1,2,4,3,34,54,203,1181,3185,6070,11002,7067,NA,610
transportation_department,3,7061,21183,14,1929,2025,61,5669,40,2355,12515,604,NA,NA,NA,NA,NA,1,5,4,21,50,174,762,2373,4483,7985,4876,NA,449
transportation_department,4,25142,100568,321,1917,2026,214,17460,142,4939,76728,1299,NA,NA,NA,NA,4,2,8,18,136,199,1012,3150,11141,24690,39326,19416,NA,1466
transportation_department,Summary,107972,212228,368,1911,2026,539,42944,287,17612,145543,4657,NA,NA,NA,NA,6,6,22,27,236,367,1734,7346,22716,47067,81260,46442,NA,4999
visual_effects,1,83358,83358,99,1909,2026,152,17411,3383,17231,40007,3049,NA,NA,NA,1,6,9,11,22,59,160,379,1254,3475,12306,36181,25588,NA,3907
visual_effects,2,33408,66816,100,1915,2031,103,15013,3523,14046,31713,2521,NA,NA,NA,NA,2,11,12,37,46,132,296,988,3102,10903,30951,19231,1,1104
visual_effects,3,19971,59913,94,1915,2029,97,14106,3389,11622,28596,2200,NA,NA,NA,NA,5,13,6,20,75,138,331,938,2875,10115,27325,17131,NA,941
visual_effects,4,114969,459876,3544,1909,2031,492,70931,14751,39073,329646,5474,NA,NA,NA,1,23,84,122,254,547,994,2218,7029,23437,82085,215789,122710,1,4582
visual_effects,Summary,251706,669963,3837,1909,2031,844,117461,25046,81972,429962,13244,NA,NA,NA,2,36,117,151,333,727,1424,3224,10209,32889,115409,310246,184660,2,10534
writer,1,329305,329305,5510,1894,2027,2063,85880,5580,120192,82587,14955,NA,NA,6,63,1861,2145,2405,2389,6566,7597,9248,11852,17628,39526,122642,67760,NA,37617
writer,2,130441,260882,5875,1895,2030,1129,71507,3968,100814,73432,11160,NA,NA,5,38,1018,1402,1553,1554,4121,5499,6816,9512,14933,36505,104433,59082,1,14410
writer,3,81736,245208,6253,1896,2030,857,69044,3411,92661,70511,9578,NA,NA,13,48,808,1148,1323,1255,3394,4700,6017,8529,13962,34563,99733,55949,1,13765
writer,4,391524,1566096,113088,1894,2029,7278,458863,16549,410849,643407,36418,NA,NA,62,310,7339,9946,13293,12382,27164,41915,51517,70088,107399,239592,601286,303646,NA,80157
writer,Summary,933006,2401491,130693,1894,2030,11327,685294,29508,724516,869937,72111,NA,NA,86,459,11026,14641,18574,17580,41245,59711,73598,99981,153922,350186,928094,486437,2,145949
